"Code","項目","建議材料規格","備註／施工要求"
"F1","客飯廳／睡房地板","600 × 600 mm 或 600 × 300 mm 全瓷石紋地磚，厚度不少於 9 mm，吸水率 E≤0.5%E \leq 0.5\%E≤0.5%，啞面或自然面，色差等級不少於 V2","採用瓷磚膠鋪貼；預留最少 5% 損耗；接縫 2–3 mm"
"F2","浴室地板","300 × 300 mm 或 600 × 300 mm 防滑全瓷地磚，啞面／細粒面，濕態防滑性能不低於 R10，宜達 R11","浴室地面須向地漏找坡；香港無障礙設計參考亦要求浴室地面防滑及自排水。gov"
"W1","浴室牆身","600 × 300 mm 釉面或全瓷牆磚，厚度約 8–10 mm，低吸水率，啞面或半啞面","牆磚至假天花底；陰陽角使用同色收口條或 45° 碰角"
"W2","特色牆／綠色玻璃","6 mm 厚鋼化背漆玻璃，指定色號，四邊磨邊，濕區採用中性防霉玻璃膠","所有玻璃需按現場尺寸覆核；玻璃不可直接承受櫃體荷載"
"C1","客廳／睡房假天花","9.5 mm 厚防潮石膏板，金屬鍍鋅龍骨，接縫填料及紙帶處理，髹水性乳膠漆","石膏板可要求符合 BS EN 520；香港消防規範列明石膏板應符合 BS EN 520。bd"
"C2","浴室假天花","600 × 600 mm 或 600 × 300 mm 粉末噴塗鋁質天花板，厚度不少於 0.6 mm，配防鏽 T-bar／隱藏式龍骨","方便檢修喉管、電線及抽氣設備；接縫及邊位須平直"
"P1","一般牆身及天花油漆","水性低 VOC 內牆乳膠漆，底漆 1 層、面漆 2 層，啞光或蛋殼光澤，抗鹼、防霉","要求提供 VOC 資料及產品安全資料表；香港 VOC 管制適用於建築漆料及塗層。consumer.org"
"P2","浴室天花／濕區油漆","水性防潮、防霉乳膠漆，配抗鹼防潮底漆","不建議使用一般木器漆或高溶劑型油漆於室內大面積位置"
"W3","木飾面牆／木格柵","12–18 mm E1 級夾板或 MDF 基底，表面使用天然木皮、科技木皮或噴漆飾面","木板應提供甲醛測試證明；香港室內空氣質素指引建議木板採用 EN 13986 E1、GB 18580-2017、Japan F☆☆ 等低甲醛標準。iaq.gov"
"W4","木飾面條／造型線","實木、木皮夾板或 MDF 造型條，四邊倒角，表面噴水性木器漆或指定色油漆","造型條背後預留伸縮及維修空間；長條件須防止翹曲"
"L1","客廳櫃體","18 mm E1 級防潮夾板或高密度板櫃身，外露面採 0.8–1.0 mm HPL／防火板，內部採 0.6 mm 白色 HPL","櫃門、側板及見光位需封邊；櫃體底部離地或設防潮踢腳"
"L2","造型櫃／吧台","18 mm E1 級夾板基底，指定 HPL／木皮／噴漆飾面；檯面使用 12–20 mm 石英石或實心面材","所有櫃角採圓角或倒角；吧台檯面需提供支撐及防潮處理"
"L3","鞋櫃","18 mm E1 級防潮夾板，外貼耐磨 HPL，櫃內白色 HPL，背板不少於 6 mm","鞋櫃下方宜留通風及清潔縫；避免使用未封邊刨花板"
"S1","睡房衣櫃","18 mm E1 級夾板或低甲醛 MDF，門板採 HPL、木皮或噴漆，配鋁合金掛衣架及緩衝鉸鏈","香港室內空氣指引亦建議使用低甲醛木板及低排放裝修材料。iaq.gov"
"S2","床頭櫃／床頭板","E1 級夾板基底，表面採 HPL、木皮或水性噴漆；床頭板背後預留 LED 燈帶檢修位","所有固定件須固定於結構牆或加強底板"
"S3","訂造床架","18 mm E1 級夾板或實木框架，床下抽屜配全拉出式承重滑軌及防傾倒裝置","床架與冷氣喉、排水及除濕設備須保留足夠檢修空間"
"K1","廚櫃櫃身","18 mm 防潮 E1 級夾板或 HMR 板，內外貼 HPL，櫃底及水槽櫃內加防水盤","濕區板材應採用 High Moisture Resistant board；相關香港工程規格亦建議廚房及浴室使用 HMR 板。hkis.org"
"K2","廚房檯面","20 mm 石英石，莫氏硬度及耐污性能符合製造商標準，前緣倒角 3–5 mm，接縫採同色膠","水槽及爐具開孔須現場覆核；檯面與牆身交界用防霉膠"
"K3","廚房牆身","玻璃、石英石薄板或 600 × 300 mm 瓷磚；吸水率低、耐油污、易清潔","爐後位置不採用未經防火及耐熱確認的木飾面"
"B1","浴室洗面盆櫃","18 mm 防潮夾板／HMR 板，外貼 HPL 或噴漆飾面；櫃內採防水底板","所有邊位封 ABS／PVC 邊條或鋁邊；水喉穿板位須封膠"
"B2","浴室金屬層架","不鏽鋼 304 或鋁合金，表面髮絲或粉末噴塗，配防鏽固定件","濕區不使用普通鐵件；固定點須做好防水密封"
"ST1","窗台石","20 mm 天然石或石英石，前緣倒角 3–5 mm，表面啞面／拋光按設計","石材背面及接縫須防污、防水；圖則標示為雲石窗台石 G。20260823_Tender-with-dim-1.pdf"
"ST2","石材／石英石飾面","12–20 mm 石英石、燒結石或天然石，邊位倒角，按樣板選定紋理及色差","天然石須先做防護劑；燒結石適合耐熱及耐刮位置"
"G1","櫃門玻璃","6 mm 鋼化透明玻璃、灰玻或茶玻璃，四邊磨邊；高身玻璃門可採 8 mm","玻璃門配緩衝鉸鏈或鋁框；不可使用普通未鋼化玻璃"
"M1","金屬框／收口","不鏽鋼 304、鋁合金或鍍鋅鋼，指定粉末噴塗色，厚度按跨度及荷載計算","黑色表面宜採粉末噴塗或 PVDF，避免普通噴漆剝落"
"D1","房門／櫃門","實心夾板門或 E1 級木門，表面 HPL、木皮或噴漆；配靜音門鉸及磁吸門鎖","廚房或相關防火分隔位置須按大廈及消防要求核對，不可只按外觀選材"
"D2","房門五金","304 不鏽鋼或鋅合金門鎖、門鉸、門吸；指定髮絲／啞黑表面","所有門扇需現場覆核垂直度及門隙"
"LT1","一般 LED 筒燈","7–9 W LED，3000 K，CRI ≥90\geq 90≥90，光通量約 500–700 lm，PF ≥0.9\geq 0.9≥0.9","客廳及睡房建議使用深防眩或低眩光款式"
"LT2","浴室 LED 筒燈","5–9 W LED，IP44 或以上，3000 K，CRI ≥90\geq 90≥90","淋浴區內燈具的 IP 等級須按實際位置及電氣規範確認"
"LT3","LED 燈帶","24 V，9.6–14.4 W/m，3000 K，CRI ≥90\geq 90≥90，鋁槽配乳白擴散罩","電源供應器須可維修；燈帶不可直接裸露安裝"
"AC1","冷氣機位／包封","12–18 mm 防潮夾板或鋁板包封，配可拆檢修口及通風百葉","需按照冷氣機品牌、散熱及排水要求確認；不可封死回風及維修位"