類別,項目代號,位置／用途,基本規格建議,選項1名稱,選項1網址,選項2名稱,選項2網址,選項3名稱,選項3網址,備註
地板／門檻／窗臺,SPC,客廳／睡房地板,剛性SPC石塑地板；石紋；耐磨層≥0.5mm；總厚≥5.0–5.5mm；鎖扣式；配防潮膜／IXPE墊層,Cockatoo 石晶板 901（裝修MALL）,https://mall.hkdecoman.com/product/cockatoo-天然木紋石晶板-901/,SPC地板分類頁（裝修MALL）,https://mall.hkdecoman.com/product-category/%E8%A3%9D%E4%BF%AE%E4%B8%BB%E6%9D%90/%E5%9C%B0%E6%9D%BF/spc%E5%9C%B0%E6%9D%BF/,Quick-Step Alpha Vinyl／石紋系列（經本地代理）,https://int.quick-step.com/en,圖紙寫600×600／600×300；香港網購多為長條，現場對樣為準
地板／門檻／窗臺,瓷磚D,浴室地板,瓷質磚600×300；吸水率≤0.5%；啞光約R10；PEI IV,鴻圖80｜300×600 F30809,https://hto80.com/,金銀倉｜600×300地磚類,https://www.shknw.com/index.php?path=108&route=product%2Fcategory,雙旗6303B 300×600牆地兩用,https://www.shknw.com/index.php?path=108&route=product%2Fcategory,盡量與牆磚C同廠同色系
地板／門檻／窗臺,瓷磚E,廚房地板,瓷質磚600×300；啞光約R10；與D同系列或略深,鴻圖80｜300×600 F30808,https://hto80.com/,金銀倉｜600×300地磚類,https://www.shknw.com/index.php?path=108&route=product%2Fcategory,雙旗爵士白300×600,https://www.shknw.com/index.php?path=108&route=product%2Fcategory,與D同供應商減少色差
地板／門檻／窗臺,吸咀F,浴室／睡房／廚房門檻,人造石英石20mm；打磨面；淺灰；闊度≥門扇+兩邊各約20mm,COMPAC石英石（Stonetech香港）,https://www.stonetech.com.hk/brands/compac,Silestone（Cosentino香港分銷）,https://www.archify.com/hk/product/siliestone-hk,Caesarstone愷薩金石（香港代理目錄）,https://homejournal.hk/zh/directory/caesarstone/,優先石英石較雲石耐濕
地板／門檻／窗臺,窗臺石G,客廳／睡房窗臺,石英石20mm或雲石；滿鋪；滴水線+中性矽酮膠,COMPAC石英石（Stonetech香港）,https://www.stonetech.com.hk/brands/compac,Silestone（Cosentino香港分銷）,https://www.archify.com/hk/product/siliestone-hk,Stonetech總覽（Technistone／Cambria等）,https://www.stonetech.com.hk/,盡量與吸咀F同廠同石
地板／門檻／窗臺,腳線,—（乾區）,高80mm；配SPC專用腳線或MDF+耐火板；厚約12–15mm,Cockatoo配套腳線（經裝修MALL／代理查詢）,https://mall.hkdecoman.com/product-category/%E8%A3%9D%E4%BF%AE%E4%B8%BB%E6%9D%90/%E5%9C%B0%E6%9D%BF/spc%E5%9C%B0%E6%9D%BF/,Formica耐火板做腳線面,https://shop.formica.com.hk/,LAMITAK耐火板做腳線面,https://www.lamitak.com/pages/locate-us-hongkong,浴室／廚房不做腳線（改磚腳線／上翻）
牆磚及防水,瓷磚A,廚牆壁,600×300瓷質磚；淺米／暖灰；啞光／半啞,鴻圖80｜F30808,https://hto80.com/,鴻圖80｜F30807,https://hto80.com/,金銀倉｜爵士白300×600,https://www.shknw.com/index.php?path=108&route=product%2Fcategory,與地磚E同廠線
牆磚及防水,特色瓷磚B,廚房灶台／洗盆濺牆,600×300特色紋理／直紋／石紋；或直鋪300×600,鴻圖80｜F829,https://hto80.com/,鴻圖80｜F30816,https://hto80.com/,薩米特磁磚（EcMall香港獨家）,https://echouse.com.hk/decoration_strategy/summit-ceramic-tiles-hong-kong-exclusive-ecmall/,與A同廠
牆磚及防水,瓷磚C,浴室一般牆,600×300瓷質磚；淺色啞光／半啞；鋪至假天花底,鴻圖80｜F30809,https://hto80.com/,鴻圖80｜F30807,https://hto80.com/,金銀倉｜雙旗300×600牆地兩用,https://www.shknw.com/index.php?path=108&route=product%2Fcategory,與地磚D同系列
牆磚及防水,特色瓷磚D,浴缸／淋浴背牆,對比特色磚；直紋／馬賽克／深色石紋600×300,鴻圖80｜F829,https://hto80.com/,鴻圖80｜F30815,https://hto80.com/,薩米特磁磚（EcMall）,https://echouse.com.hk/decoration_strategy/summit-ceramic-tiles-hong-kong-exclusive-ecmall/,與C同供應商
牆磚及防水,防水系統,浴室全面＋廚房濕區,水泥基＋液態防水；牆上翻≥150mm；淋浴≥300mm；鋪磚前蓄水試驗,Sika浴室廚廁防水（SikaTop-107等）,https://hkg.sika.com/zh/distribution-retail/household_waterproofing/kitchen_and_bathroom.html,Mapei Mapelastic（香港五金網）,https://www.5metal.com.hk/content/Mapei-Mapelastic-%E9%A6%AC%E8%B2%9D%E5%BD%88%E6%80%A7%E9%98%B2%E6%B0%B4%E8%8B%B1%E6%B3%A5-Waterproofing-Cement-mapelastic%E9%98%B2%E6%B0%B4-%E9%A6%AC%E8%B2%9D%E9%98%B2%E6%B0%B4-%E9%A6%AC%E8%B2%9D%E9%98%B2%E6%B0%B4%E6%9D%90%E6%96%99-%E9%98%B2%E6%B0%B4%E5%BB%BA%E6%9D%90-%E9%98%B2%E6%B0%B4%E6%9D%90%E6%96%99%E5%85%AC%E5%8F%B8-%E9%98%B2%E6%B0%B4%E5%BB%BA%E7%AF%89%E6%9D%90%E6%96%99,西卡瓷磚膠SikaCeram-113（配套）,https://hkg.sika.com/zh/distribution-retail/household_waterproofing/kitchen_and_bathroom.html,防水與瓷磚膠盡量同一系統品牌
枱面石材,H,廚櫃枱面,Corian或同等人造石12mm；無縫駁口；白／淺灰,Corian（Speed Top香港授權）,https://speedtop-hk.com/colors_of_corian/,LEXTON／Staron／HI-MACS（Lexton）,http://mail.lexton.com.hk/,Speed Top總覽（加工＋安裝）,https://speedtop-hk.com/,圖紙註明人造石面H（Corian）
枱面石材,B1枱面,浴室洗手櫃,石英石20mm或Corian12mm；配底掛／半嵌盆,COMPAC石英石,https://www.stonetech.com.hk/brands/compac,Corian（Speed Top）,https://speedtop-hk.com/colors_of_corian/,Silestone,https://www.archify.com/hk/product/siliestone-hk,濕區優先石英石
木器及五金,裝飾耐火板,全屋木器門板／外露面,夾板18mm＋HPL 0.7–1.0mm；木紋＋素色各一,Formica Shop Hong Kong,https://shop.formica.com.hk/,LAMITAK（灣仔展廳）,https://www.lamitak.com/pages/locate-us-hongkong,Wilsonart Asia（香港）,https://www.wilsonartasia.com/,需防火級則選FR；濕區基板用防潮夾板
木器及五金,緩衝鉸／路軌,廚櫃K1K2／衣櫃S1／浴櫃B1等,Soft-close鉸鏈及緩衝路軌,Blum產品世界（香港）,https://www.blum.com/hk/en/products/product-world/,Hettich官方,https://www.hettich.com/,Blum香港產品頁（作同等比較）,https://www.blum.com/hk/en/products/product-world/,招標可寫Blum／Hettich或同等
天花油漆門,鋁天花,廚房／浴室假天花,300mm闊鋁條天花；噴粉白／淺灰；可拆檢修,Hunter Douglas 300C/L,https://ap.hunterdouglas.asia/hk/product/interior-metal-wide-panel/interior-metal-300c-l,Hunter Douglas寬板天花系列,https://ap.hunterdouglas.asia/hk/product/interior-metal-wide-panel,Hunter Douglas室內金屬天花總覽,https://ap.hunterdouglas.asia/hk/product/interior-metal,對應圖紙300闊鋁板假天花
天花油漆門,乳膠漆,一般牆／石膏板天花,低VOC乳膠漆；濕區防霉；平光VOC≤50g/L,多樂士 Dulux HK,https://www.dulux.com.hk/,立邦 Nippon Paint HK,https://www.nipponpaint.com.hk/,立邦淨味兒童漆系列（低氣味）,https://www.nipponpaint.com.hk/,睡房特色牆可另選藝術漆
天花油漆門,防火門FD120,廚房門,兩小時防火門組＋閉門器；核屋苑／消防要求,戶信防火門,https://www.firedoor.com.hk/,煌商佑｜120分鐘不鏽鋼防火門,https://www.ulsteel.com.hk/fire_rated_steel_door_transformer_room_door/,戶信防火門（木門／鐵門方案）,https://www.firedoor.com.hk/,落標前確認是否必須FD120
潔具五金,座廁,浴室,座地；雙段沖水；核rough-in尺寸,TOTO CW766PB／SW766HK,https://hk.toto.com/en/product/toilet/CW766PB-SW766HK,TOTO香港經銷商位置,https://hk.toto.com/en/location,American Standard浴室,https://www.americanstandard.hk/zh-hant/bathroom/,現場度尺後再定型號
潔具五金,龍頭／花灑,浴室／廚房,面盆龍頭＋淋浴花灑；鉻或啞黑,Hansgrohe香港授權經銷商,https://www.hansgrohe-asia.com/en/hkdealers,GROHE香港,https://www.grohe.com/en-HK/,TOTO香港主頁（龍頭系列）,https://hk.toto.com/en/home,只經授權店購買以保保養
